¿Cuál es la capital de la provincia de Napo?,La ciudad de Tena.
¿Con qué país limita la provincia de Napo hacia el este?,Con el país de Perú.
¿Cuáles son los cinco cantones que integran la provincia de Napo?,"Tena, Archidona, El Chaco, Quijos y Carlos Julio Arosemena Tola."
¿Qué pueblos ancestrales habitaban el territorio de Napo antes de la llegada de los españoles?,Los pueblos Omagua y Quijos.
¿Qué gobernante inca intentó incorporar sin éxito duradero la región de Napo a su imperio?,El inca Huayna Cápac.
¿Quién exploró la zona de Napo en 1539 motivado por la búsqueda de la canela y El Dorado?,Gonzalo Díaz de Pineda.
¿Quién organizó la gran expedición española a la Amazonía ecuatoriana en el año 1540?,Gonzalo Pizarro.
¿En qué año fundaron los españoles la ciudad de Baeza?,En el año 1559.
¿Qué líder indígena dirigió la sublevación de los Quijos en 1578 destruyendo Ávila y Archidona?,El cacique Jumandy.
¿Qué impacto social provocó el auge del caucho a finales del siglo XIX y principios del XX en Napo?,Provocó el desplazamiento forzado de poblaciones indígenas hacia el Perú.
"¿Qué presidente ecuatoriano impulsó la política de ""fronteras vivas"" para colonizar Napo tras el conflicto de 1941?",José María Velasco Ibarra.
"¿En qué década se descubrió petróleo en Napo, impulsando la construcción del Oleoducto Transecuatoriano (SOTE)?",En la década de 1970.
¿En qué mes y año fue incorporada la alfarería tradicional de Tena y Archidona al Patrimonio Cultural Inmaterial del Ecuador?,En junio de 2022.
¿Qué fibras vegetales utilizan habitualmente las comunidades de Napo para elaborar sus tejidos artesanales?,La chambira y el algodón.
¿Qué tipos de madera se emplean principalmente en Napo para la talla artesanal de figuras y utensilios?,La balsa y la chonta.
¿A qué condición ambiental responde principalmente el diseño de la arquitectura tradicional vernácula de Napo?,Al clima tropical húmedo.
¿Qué diseño urbanístico impusieron los españoles en las ciudades coloniales de Napo?,El trazado en damero con una plaza central.
¿A través de qué medio se transmite principalmente la literatura ancestral de la nacionalidad Kichwa en Napo?,A través de la tradición oral.
"En la parroquia Misahuallí, el Festival de Mujeres Adultas Mayores Kichwas promueve la preservación lingüística mediante _____.",cantos y danzas ancestrales
"Según el Sistema de Información del Patrimonio Cultural del Ecuador, ¿cuáles son dos juegos tradicionales registrados en Napo?",Los volantes y la chaskina.
Mencione dos danzas tradicionales registradas como patrimonio cultural inmaterial de la provincia de Napo.,La danza de Mondayacu y la danza de la boda.
"Según el censo del año 2010, ¿qué porcentaje de la población de Napo se autoidentificó como indígena?","El 56,75 % de la población."
¿En qué cantones de Napo se asienta principalmente el pueblo Kichwa amazónico?,"En Archidona, Tena y Carlos Julio Arosemena Tola."
¿En qué comunidades del cantón Tena habita la nacionalidad Waorani?,En las comunidades de Gareno y Meñepare.
¿Qué grupos Kichwa procedentes de la sierra se asentaron en los cantones de Quijos y El Chaco?,"Los Papallactas, Tambos y Oyacachis."
"Además del español, ¿cuáles son las dos lenguas indígenas de relación intercultural habladas en Napo?",El Kichwa (Runa Shimi) y el Shuar.
"El dialecto del Kichwa hablado en Tena, Arajuno y Ahuano guarda una relación estrecha con el dialecto _____.",Kichwa serrano
¿En qué cantón de Napo se celebra tradicionalmente la Fiesta de la Chonta?,En el cantón Archidona.
¿Qué dignidad femenina se elige durante la celebración ancestral de la Fiesta de la Chonta?,"La ""Mushuk Chonta Warmi""."
¿En qué parroquia y mes se lleva a cabo la festividad del Kuya Raymi en la provincia de Napo?,"En la parroquia Talag, durante el mes de junio."
¿En qué fecha anual se celebra el encuentro cultural Guayusa Warmi en Tena?,El 15 de noviembre.
¿Con qué título o epíteto cultural se le conoce popularmente a la ciudad de Tena?,Capital de la guayusa y la canela.
Mencione dos actividades preparatorias masculinas que forman parte del ritual tradicional de la boda Kichwa.,La cacería y la pesca.
¿Con qué hojas vegetales se envuelve el pescado para elaborar el tradicional maito de Napo?,Con hojas de bijao.
¿Qué condimento no se utiliza en la receta tradicional del maito de pescado para preservar su sabor natural?,La sal.
¿Qué es el chontacuro en la gastronomía tradicional de Napo?,La larva del escarabajo de la palma de chonta.
¿De qué forma se cocina habitualmente el chontacuro para su consumo?,Asado al fuego o al carbón.
¿Qué tubérculo sirve como ingrediente y acompañamiento principal en el caldo de gallina criolla?,La yuca.
El maytu de pescado es un plato de especial importancia ceremonial durante la celebración de _____.,la Fiesta de la Chonta
¿Qué tipo de preparación gastronómica ancestral es la uchumanga?,"Una salsa de ají que acompaña pescados, carnes de monte y palmito."
¿A qué periodo histórico se remonta la transmisión de la técnica de preparación de la uchumanga?,Al periodo prehispánico.
Mencione tres ingredientes base vegetales de origen local utilizados en la cocina ancestral Kichwa.,"La yuca, el plátano verde y el maíz."
¿Qué carácter o naturaleza define a la música tradicional Naporuna?,Un carácter ritual y simbólico.
Mencione dos eventos rituales o festividades donde se interpreta la música Naporuna.,Las bodas tradicionales y los cambios de autoridades o varayocs.
¿Cuáles son los dos instrumentos principales que acompañan ritualmente las danzas ancestrales en Napo?,El tambor y el violín.
¿Qué instrumento de viento de origen andino se integró a la música Kichwa amazónica en Napo?,El pingullo.
¿Qué género musical interpreta el grupo Kichwa llamado Chicos del Barrio?,La cumbia kichwa.
¿Quiénes fundaron la agrupación musical Chicos del Barrio en el año 2016?,Lizandro Vargas y Darwin Tanguila.
Mencione un tema musical original compuesto por la agrupación Chicos del Barrio.,Warmilla (o Apatikas / Ñuka Warmishitalla).
¿Cuál es el nombre artístico de Pedro Kléber Huatatoca Tapuy?,Huatusa Loca.
"¿Por qué razón el artista Pedro Kléber Huatatoca adoptó el nombre ""Huatusa Loca""?","Para rendir homenaje a la huatusa, animal selvático en peligro."
Mencione un tema musical destacado del artista Huatusa Loca.,Tuna malta huarmi (o Rucu causay / Mucu maqui).
¿En qué año se formó la agrupación de danza y música tradicional Tushuy Taqui Sacha Manda?,En el año 2009.
"¿Qué traducción al español tiene el tema musical ""Sawarina tushuna puncha"" de Tushuy Taqui Sacha Manda?",El día de la boda.
"¿Qué estilo musical de fusión fue creado por el gestor cultural Carlos Alvarado ""Mishki""?","El estilo ""Runa Paju"" o ""Magia Runa""."
"¿En qué elementos de la naturaleza se inspira la propuesta musical de Carlos Alvarado ""Mishki""?","En los sonidos del bosque, la selva y las aves."
¿Qué significan las siglas SIPCE en el ámbito del patrimonio cultural ecuatoriano?,Sistema de Información del Patrimonio Cultural del Ecuador.
¿Cuántos bienes inmateriales registrados posee la provincia de Napo en los registros patrimoniales?,169 bienes inmateriales.